[
  {
    "max": 10,
    "description": "Tis But A Scratch!",
    "wounds": "1",
    "additionalEffects": "Gain **1 Bleeding Condition**."
  },
  {
    "max": 20,
    "description": "Gut Blow",
    "wounds": "1",
    "additionalEffects": "Gain **1 Stunned Condition**. Pass an Easy **(+40) Endurance Test**, or vomit, gaining the **Prone Condition**."
  },
  {
    "max": 25,
    "description": "Low Blow!",
    "wounds": "1",
    "additionalEffects": "Make a Hard **(-20) Endurance Test** or gain **3 Stunned Condition**."
  },
  {
    "max": 30,
    "description": "Twisted Back",
    "wounds": "1",
    "additionalEffects": "Suffer a **Torn Muscle (Minor) injury**."
  },
  {
    "max": 35,
    "description": "Winded",
    "wounds": "2",
    "additionalEffects": "Gain a **Stunned Condition**. Make an Average **(+20) Endurance Test**, or gain the **Prone Condition**. Movement is **halved for 1d10 rounds** as you get your breath back."
  },
  {
    "max": 40,
    "description": "Bruised Ribs",
    "wounds": "2",
    "additionalEffects": "All **Agility-based Tests** suffer a **-10 penalty for 1d10 days**."
  },
  {
    "max": 45,
    "description": "Wrenched Collar Bone",
    "wounds": "2",
    "additionalEffects": "**Randomly** select one arm. **Drop whatever is held** in that hand; the arm is **useless for 1d10 rounds** (see Amputated Parts)."
  },
  {
    "max": 50,
    "description": "Ragged Wound",
    "wounds": "2",
    "additionalEffects": "Take **2 Bleeding Conditions**."
  },
  {
    "max": 55,
    "description": "Cracked Ribs",
    "wounds": "3",
    "additionalEffects": "The hit cracks one or more ribs. Gain a **Stunned Condition**. Gain a **Broken Bone (Minor) injury**."
  },
  {
    "max": 60,
    "description": "Gaping Wound",
    "wounds": "3",
    "additionalEffects": "Take **3 Bleeding Conditions**. Until you **receive Surgery**, **any Wounds** you receive to the **Body** Hit **Location** will inflict an **additional Bleeding Condition** as the cut reopens."
  },
  {
    "max": 65,
    "description": "Painful Cut",
    "wounds": "3",
    "additionalEffects": "Gain **2 Bleeding Conditions** and a **Stunned Condition**. Take a Hard **(-20) Endurance Test** or gain the **Unconscious Condition** as you black out from the pain. Unless you achieve **4+ SL**, you also **scream out** in agony."
  },
  {
    "max": 70,
    "description": "Arterial Damage",
    "wounds": "3",
    "additionalEffects": "Gain **4 Bleeding Conditions**. Until you **receive Surgery**, every time you **receive Damage** to the **Body** Hit **Location**, gain **2 Bleeding Conditions**."
  },
  {
    "max": 75,
    "description": "Pulled Back",
    "wounds": "4",
    "additionalEffects": "Your back turns to white pain as you pull a muscle. Suffer a **Torn Muscle (Major) injury**."
  },
  {
    "max": 80,
    "description": "Fractured Hip",
    "wounds": "4",
    "additionalEffects": "Gain a **Stunned Condition**. Take a Challenging **(+0) Endurance Test** or also gain the **Prone Condition**. Suffer a **Broken Bone (Minor) injury**."
  },
  {
    "max": 85,
    "description": "Major Chest Wound",
    "wounds": "4",
    "additionalEffects": "You take a significant wound to your chest, flensing skin from muscle and sinew. Take **4 Bleeding Conditions**. Until you **receive Surgery**, to stitch the wound together, any Wounds you receive to the **Body** Hit **Location** will also inflict **2 Bleeding Conditions** as the tears reopen."
  },
  {
    "max": 90,
    "description": "Gut Wound",
    "wounds": "4",
    "additionalEffects": "Contract a **Festering Wound** (see Disease and Infection) and gain **2 Bleeding Conditions**."
  },
  {
    "max": 93,
    "description": "Smashed Rib Cage",
    "wounds": "5",
    "additionalEffects": "Gain a **Stunned Condition** that can only be **removed through Medical Attention**, and suffer a **Broken Bone (Major) injury**."
  },
  {
    "max": 96,
    "description": "Broken Collar Bone",
    "wounds": "5",
    "additionalEffects": "Gain the **Unconscious Condition** until you **receive Medical Attention**, and suffer a **Broken Bone (Major) injury**."
  },
  {
    "max": 99,
    "description": "Internal bleeding",
    "wounds": "5",
    "additionalEffects": "Gain a **Bleeding Condition** that can only be **removed through Surgery**. Contract **Blood Rot** (see Disease and Infection)."
  },
  {
    "max": 100,
    "description": "Torn Apart",
    "wounds": "Death",
    "additionalEffects": "You are hacked in two. The top half lands in a **random direction**, and all characters within **2 yards are showered in blood**."
  }
]